{"errors":[],"warnings":[],"namedChunkGroups":{"app":{"chunks":[7,2],"assets":["webpack-runtime-af81c32e9713896b54e6.js","webpack-runtime-af81c32e9713896b54e6.js.map","app-e92ff34960ee725fb643.js","app-e92ff34960ee725fb643.js.map"],"children":{},"childAssets":{}},"component---src-pages-404-js":{"chunks":[3],"assets":["component---src-pages-404-js-b31c3ea9b699b1ecf389.js","component---src-pages-404-js-b31c3ea9b699b1ecf389.js.map"],"children":{},"childAssets":{}},"component---src-pages-art-js":{"chunks":[0,1,4],"assets":["0-9e55d3ae1441a8c65e30.js","0-9e55d3ae1441a8c65e30.js.map","1.19661ee147d8dc87c921.css","1-99f2002e1a6da5000009.js","1-99f2002e1a6da5000009.js.map","component---src-pages-art-js-9d9f07481780b888423f.js","component---src-pages-art-js-9d9f07481780b888423f.js.map"],"children":{},"childAssets":{}},"component---src-pages-index-js":{"chunks":[0,1,5],"assets":["0-9e55d3ae1441a8c65e30.js","0-9e55d3ae1441a8c65e30.js.map","1.19661ee147d8dc87c921.css","1-99f2002e1a6da5000009.js","1-99f2002e1a6da5000009.js.map","component---src-pages-index-js-b77de9c3c3b1663b964b.js","component---src-pages-index-js-b77de9c3c3b1663b964b.js.map"],"children":{},"childAssets":{}},"pages-manifest":{"chunks":[6],"assets":["pages-manifest-590ffb3e4e39e4403dbe.js","pages-manifest-590ffb3e4e39e4403dbe.js.map"],"children":{},"childAssets":{}}},"assetsByChunkName":{"app":["webpack-runtime-af81c32e9713896b54e6.js","app-e92ff34960ee725fb643.js"],"component---src-pages-404-js":["component---src-pages-404-js-b31c3ea9b699b1ecf389.js"],"component---src-pages-art-js":["0-9e55d3ae1441a8c65e30.js","1.19661ee147d8dc87c921.css","1-99f2002e1a6da5000009.js","component---src-pages-art-js-9d9f07481780b888423f.js"],"component---src-pages-index-js":["0-9e55d3ae1441a8c65e30.js","1.19661ee147d8dc87c921.css","1-99f2002e1a6da5000009.js","component---src-pages-index-js-b77de9c3c3b1663b964b.js"],"pages-manifest":["pages-manifest-590ffb3e4e39e4403dbe.js"]}}