{"errors":[],"warnings":[],"namedChunkGroups":{"app":{"chunks":[7,2],"assets":["webpack-runtime-9006e6ae8ab288d5a7c5.js","webpack-runtime-9006e6ae8ab288d5a7c5.js.map","app-179f502e8e35b4532671.js","app-179f502e8e35b4532671.js.map"],"children":{},"childAssets":{}},"component---src-pages-404-js":{"chunks":[3],"assets":["component---src-pages-404-js-b31c3ea9b699b1ecf389.js","component---src-pages-404-js-b31c3ea9b699b1ecf389.js.map"],"children":{},"childAssets":{}},"component---src-pages-art-js":{"chunks":[0,1,4],"assets":["0-a9f2d0438b546e932b0f.js","0-a9f2d0438b546e932b0f.js.map","1.239177e978d5872c984c.css","1-eb5348de15826512b016.js","1-eb5348de15826512b016.js.map","component---src-pages-art-js-e4fc566b6625dbbdacc4.js","component---src-pages-art-js-e4fc566b6625dbbdacc4.js.map"],"children":{},"childAssets":{}},"component---src-pages-index-js":{"chunks":[0,1,5],"assets":["0-a9f2d0438b546e932b0f.js","0-a9f2d0438b546e932b0f.js.map","1.239177e978d5872c984c.css","1-eb5348de15826512b016.js","1-eb5348de15826512b016.js.map","component---src-pages-index-js-0db47e4d2b7d2a5eb994.js","component---src-pages-index-js-0db47e4d2b7d2a5eb994.js.map"],"children":{},"childAssets":{}},"pages-manifest":{"chunks":[6],"assets":["pages-manifest-a194e587588ded1ab55d.js","pages-manifest-a194e587588ded1ab55d.js.map"],"children":{},"childAssets":{}}},"assetsByChunkName":{"app":["webpack-runtime-9006e6ae8ab288d5a7c5.js","app-179f502e8e35b4532671.js"],"component---src-pages-404-js":["component---src-pages-404-js-b31c3ea9b699b1ecf389.js"],"component---src-pages-art-js":["0-a9f2d0438b546e932b0f.js","1.239177e978d5872c984c.css","1-eb5348de15826512b016.js","component---src-pages-art-js-e4fc566b6625dbbdacc4.js"],"component---src-pages-index-js":["0-a9f2d0438b546e932b0f.js","1.239177e978d5872c984c.css","1-eb5348de15826512b016.js","component---src-pages-index-js-0db47e4d2b7d2a5eb994.js"],"pages-manifest":["pages-manifest-a194e587588ded1ab55d.js"]}}